<?xml version="1.0" encoding="UTF-8"?>
<AnyConnectPreferences>
<DefaultUser></DefaultUser>
<DefaultSecondUser></DefaultSecondUser>
<ClientCertificateThumbprint></ClientCertificateThumbprint>
<MultipleClientCertificateThumbprints></MultipleClientCertificateThumbprints>
<ServerCertificateThumbprint></ServerCertificateThumbprint>
<DefaultHostName></DefaultHostName>
<DefaultHostAddress></DefaultHostAddress>
<DefaultGroup></DefaultGroup>
<ProxyHost></ProxyHost>
<ProxyPort></ProxyPort>
<SDITokenType>none</SDITokenType>
<HeadendSelectionCache><![CDATA[
<SelectionEntry>
<DNS>|192.168.15.1;</DNS>
<HeadendRTTInfo>
<Headend>remoteaccess.emeal.nttdata.com</Headend>
<RTT>1547</RTT></HeadendRTTInfo>
<KnownHeadends>remoteaccess.emeal.nttdata.com;</KnownHeadends>
<Expiration>1742236533</Expiration></SelectionEntry>]]></HeadendSelectionCache>
<ControllablePreferences>
<EnableAutomaticServerSelection>true</EnableAutomaticServerSelection></ControllablePreferences>
</AnyConnectPreferences>
