<?xml version="1.0" encoding="UTF-8"?>
<AnyConnectProfile xmlns="http://schemas.xmlsoap.org/encoding/" xmlns:xsi="http://www.w3.org/2001/XMLSchema-instance" xsi:schemaLocation="http://schemas.xmlsoap.org/encoding/ AnyConnectProfile.xsd">
	<ClientInitialization>
		<UseStartBeforeLogon UserControllable="true">false</UseStartBeforeLogon>
		<AutomaticCertSelection UserControllable="true">true</AutomaticCertSelection>
		<ShowPreConnectMessage>false</ShowPreConnectMessage>
		<CertificateStore>All</CertificateStore>
		<CertificateStoreMac>System</CertificateStoreMac>
		<CertificateStoreOverride>false</CertificateStoreOverride>
		<ProxySettings>Native</ProxySettings>
		<AllowLocalProxyConnections>false</AllowLocalProxyConnections>
		<AuthenticationTimeout>90</AuthenticationTimeout>
		<AutoConnectOnStart UserControllable="true">false</AutoConnectOnStart>
		<MinimizeOnConnect UserControllable="true">true</MinimizeOnConnect>
		<LocalLanAccess UserControllable="true">false</LocalLanAccess>
		<DisableCaptivePortalDetection UserControllable="false">false</DisableCaptivePortalDetection>
		<ClearSmartcardPin UserControllable="true">true</ClearSmartcardPin>
		<IPProtocolSupport>IPv4,IPv6</IPProtocolSupport>
		<AutoReconnect UserControllable="false">true
			<AutoReconnectBehavior UserControllable="false">ReconnectAfterResume</AutoReconnectBehavior>
		</AutoReconnect>
		<SuspendOnConnectedStandby>false</SuspendOnConnectedStandby>
		<AutoUpdate UserControllable="false">true</AutoUpdate>
		<RSASecurIDIntegration UserControllable="false">Automatic</RSASecurIDIntegration>
		<WindowsLogonEnforcement>SingleLocalLogon</WindowsLogonEnforcement>
		<LinuxLogonEnforcement>SingleLocalLogon</LinuxLogonEnforcement>
		<WindowsVPNEstablishment>LocalUsersOnly</WindowsVPNEstablishment>
		<LinuxVPNEstablishment>LocalUsersOnly</LinuxVPNEstablishment>
		<AutomaticVPNPolicy>false</AutomaticVPNPolicy>
		<PPPExclusion UserControllable="false">Automatic
			<PPPExclusionServerIP UserControllable="false"></PPPExclusionServerIP>
		</PPPExclusion>
		<EnableScripting UserControllable="false">false</EnableScripting>
		<CertificateMatch>
			<MatchOnlyCertsWithKU>true</MatchOnlyCertsWithKU>
			<KeyUsage>
				<MatchKey>Digital_Signature</MatchKey>
			</KeyUsage>
			<ExtendedKeyUsage>
				<ExtendedMatchKey>ClientAuth</ExtendedMatchKey>
			</ExtendedKeyUsage>
			<DistinguishedName>
				<DistinguishedNameDefinition Operator="Equal" Wildcard="Disabled" MatchCase="Enabled">
					<Name>ISSUER-DC</Name>
					<Pattern>int</Pattern>
				</DistinguishedNameDefinition>
				<DistinguishedNameDefinition Operator="Equal" Wildcard="Disabled" MatchCase="Enabled">
					<Name>ISSUER-DC</Name>
					<Pattern>everis</Pattern>
				</DistinguishedNameDefinition>
				<DistinguishedNameDefinition Operator="Equal" Wildcard="Disabled" MatchCase="Enabled">
					<Name>ISSUER-DC</Name>
					<Pattern>usersad</Pattern>
				</DistinguishedNameDefinition>
			</DistinguishedName>
		</CertificateMatch>
		<EnableAutomaticServerSelection UserControllable="true">false
			<AutoServerSelectionImprovement>20</AutoServerSelectionImprovement>
			<AutoServerSelectionSuspendTime>4</AutoServerSelectionSuspendTime>
		</EnableAutomaticServerSelection>
		<RetainVpnOnLogoff>false
		</RetainVpnOnLogoff>
		<CaptivePortalRemediationBrowserFailover>false</CaptivePortalRemediationBrowserFailover>
		<AllowManualHostInput>true</AllowManualHostInput>
	</ClientInitialization>
	<ServerList>
		<HostEntry>
			<HostName>nttdata-EA</HostName>
			<HostAddress>remoteaccess.emeal.nttdata.com</HostAddress>
			<UserGroup>nttdata-EA</UserGroup>
		</HostEntry>
	</ServerList>
</AnyConnectProfile>